component,feature_area,team,keywords,w16_prs,w16_platforms,w16_pr_count,w16_priority,w16_activity
Strength Trainer,Strength Trainer,STREN,"STREN|strength trainer|strength|workout|exercise|training","STREN-551;STREN-828;STREN-770;STREN-834;STREN-835;STREN-540;FIT-1138",Both,7,High,yes
Strength Trainer - Workout Start,Strength Trainer,STREN,"STREN|workout start|start workout|begin workout",,,,, no
Strength Trainer - Workout Share,Strength Trainer,STREN,"STREN|workout share|share workout",,,,,no
Strength Trainer - Workout Naming,Strength Trainer,STREN,"STREN|workout naming|workout name|rename workout",STREN-775,iOS,1,Low,yes
Strength Trainer - Workout From Library,Strength Trainer,STREN,"STREN|workout library|library workout","FROGE-473;FROGE-472",Both,2,Medium,yes
Strength Trainer - Workout Details,Strength Trainer,STREN,"STREN|workout details|workout detail","STREN-769;STREN-829;FIT-1138;FIT-1133",Both,7,High,yes
Strength Trainer - Workout Copy,Strength Trainer,STREN,"STREN|workout copy|copy workout|duplicate workout",,,,,no
Strength Trainer - Time Based Exercises,Strength Trainer,STREN,"STREN|time based exercise|time-based exercise",,,,,no
Strength Trainer - My Workouts,Strength Trainer,STREN,"STREN|my workouts|saved workouts",,,,,no
Strength Trainer - Exercise Filtering,Strength Trainer,STREN,"STREN|exercise filter|exercise filtering|filter exercise",STREN-479,Android,1,Low,yes
Strain Target,Strength Trainer,STREN,"STREN|strain target|target strain|optimal strain",,,,,no
Time Based,Strength Trainer,STREN,"STREN|time based|time-based",,,,,no
Time + Weight Based,Strength Trainer,STREN,"STREN|time + weight|time and weight|time-based weight",,,,,no
Rep Based,Exercise Progression,AC,"rep based|rep-based|reps|exercise progression",,,,,no
Rep + Weight Based,Exercise Progression,AC,"rep + weight|rep and weight|weight based|exercise progression",,,,,no
Custom exercises,Strength Trainer,STREN,"STREN|custom exercise|custom workout|create exercise",,,,,no
Exercise Progression,Exercise Progression,AC,"exercise progression|progression|PR|personal record",FIT-156,Android,1,Low,yes
Exercise Details,Activities,AC,"exercise details|exercise detail|exercise info",,,,,no
Weekly Plan,Weekly Plan,FROGE,"FROGE|weekly plan|plan|weekly goal",,,,,no
Weekly Plan - Summary Screen,Weekly Plan,FROGE,"FROGE|weekly plan summary|plan summary",,,,,no
Weekly Plan - Metrics,Weekly Plan,FROGE,"FROGE|weekly plan metric|plan metric",,,,,no
Weekly Plan - Lock - Unlock - Notifications,Weekly Plan,FROGE,"FROGE|weekly plan lock|plan unlock|plan notification",,,,,no
Weekly Plan - Home Tile,Weekly Plan,FROGE,"FROGE|weekly plan tile|plan tile",,,,,no
Weekly Plan - Editing,Weekly Plan,FROGE,"FROGE|edit weekly plan|edit plan",,,,,no
Weekly Plan - Creation,Weekly Plan,FROGE,"FROGE|create weekly plan|plan creation|new plan",,,,,no
Weekly Plan - Behaviors,Weekly Plan,FROGE,"FROGE|weekly plan behavior|plan behavior",,,,,no
Trends,Trends,FROGE,"FROGE|trend|trends|graph|chart|data visualization",STREN-756,iOS,1,Medium,yes
Weight & Body Comp,Trends,HDD,"weight|body comp|body composition|weight trend",,,,,no
Weight & Body Comp - Manual Entries,Trends,HDD,"weight manual entry|manual weight|weight entry",,,,,no
Weight & Body Comp - Lean Body Mass,Trends,HDD,"lean body mass|lean mass|LBM",,,,,no
Weight & Body Comp - All Recordings,Trends,HDD,"weight recordings|body comp recordings|all recordings",,,,,no
Weight Based,Trends,HDD,"weight based|weight trend",,,,,no
VO2Max,VO2 Max,MOVE,"MOVE|VO2|VO2Max|aerobic capacity|max aerobic",,,,,no
Strain,Strain,HDD,"strain|training load|exertion|cardiovascular load",,,,,no
Sleep,Sleep,WU,"WU|sleep|nap|REM|staging|sleep score|sleep detection",CORESLEEP-2228,Android,1,Low,yes
Sleep Planner,Sleep Planner,FROGE,"FROGE|sleep planner|sleep plan|sleep schedule|sleep goal",,,,,no
Haptic Alarm,Sleep,HDD,"haptic alarm|alarm|haptic|wake up alarm",,,,,no
Recovery,Recovery,HDD,"recovery|recovery score|readiness|HRV|RHR",,,,,no
RHR,RHR,DSB,"RHR|resting heart rate",,,,,no
HRV,Recovery,DSB,"HRV|heart rate variability",,,,,no
Respiratory Rate,Respiratory Rate,DSB,"respiratory rate|breathing rate|respiration",,,,,no
Journal,Journal,FROGE,"FROGE|journal|log|daily log|behavior log","BOT-8477;BOT-8043;FROGE-392",Android,3,Medium,yes
Journal - Home Tile,Journal,FROGE,"FROGE|journal tile|journal home tile",,,,,no
Journal - Date Picker,Journal,FROGE,"FROGE|journal date|date picker",,,,,no
Journal - Customize,Journal,FROGE,"FROGE|journal customize|customize journal",,,,,no
Journal - Auto pop,Journal,FROGE,"FROGE|journal auto|auto populate|auto pop|autofill journal",ACE-4116,iOS,1,Medium,yes
Journal - Weekly Plan in Journal,Journal,FROGE,"FROGE|journal weekly plan|weekly plan journal",,,,,no
Journal - Settings,Journal,FROGE,"FROGE|journal settings",,,,,no
Journal - Search & Edit,Journal,FROGE,"FROGE|journal search|journal edit|search journal",,,,,no
Journal - Previous Answers,Journal,FROGE,"FROGE|journal previous answers|previous answers",,,,,no
Journal - Onboarding,Journal,FROGE,"FROGE|journal onboarding",,,,,no
Journal - Magnitude,Journal,FROGE,"FROGE|journal magnitude|magnitude",,,,,no
Journal - Integrations,Journal,FROGE,"FROGE|journal integration",,,,,no
AI Journal,Journal,FROGE,"FROGE|AI journal|journal AI|generative journal","BOT-8477;BOT-8043;FROGE-481;FROGE-485",Both,4,Medium,yes
Behavior impacts,Behavior and Impacts,HDD,"behavior impact|behavior|lifestyle|impact on recovery",,,,,no
Impact on Recovery,Behavior and Impacts,HDD,"impact on recovery|behavior impact|lifestyle impact",,,,,no
Community,Community,PEOP,"PEOP|community|social|follower|following|feed|friend|people","PEOP-478;PEOP-392;PEOP-482;PEOP-463;PEOP-480;PEOP-484;PEOP-455;PEOP-468;PEOP-467;PEOP-460;PEOP-430;PEOP-462;PEOP-494;PEOP-188;PEOP-477;PEOP-344;PEOP-464;PEOP-479;ANDROID-1982",Both,19,High,yes
Activities,Activities,AC,"AC|activity|activities|workout detection|activity detection",FIT-1137,Android,1,Low,yes
Start Activity,Start Activity,AC,"AC|start activity|begin activity|activity start",,,,,no
Activities - Start Activity,Activities,AC,"AC|start activity|activity start",FIT-1126,Android,1,Low,yes
Activities - Start Activity - Optimal Strain,Activities,AC,"AC|optimal strain|activity optimal strain",,,,,no
Activities - Add Activity,Activities,AC,"AC|add activity|manual activity|log activity",,,,,no
Activity details,Activities,AC,"AC|activity detail|activity details",,,,,no
Workout Linking,Activity add/detection,AC,"AC|workout linking|link workout|activity linking|detection",,,,,no
Merge Activities,Activities,,"merge activity|merge activities|merge workout",,,,,no
MSK,Activities,,"MSK|musculoskeletal",,,,,no
Most Recent Sessions,Activities,,"recent sessions|recent activities|session history",,,,,no
Onboarding,Onboarding,ACE,"ACE|onboarding|signup|registration|account creation|activation","ACE-4195;ACE-4187;ACE-4194;ACE-4117;ACE-4198;ACE-4186;ACE-4181;ACE-4191;ACE-4291;ACE-4008;ACE-4298;ACE-4302;FROGE-503",Both,14,High,yes
Onboarding - Account creation/activation,Onboarding,ACE,"ACE|account creation|activation|new account|register",,,,,no
Onboarding - Login/Logout Change Password,Onboarding,ACE,"ACE|login|logout|change password|sign in|sign out",,,,,no
Onboarding - What to Expect,Onboarding,ACE,"ACE|what to expect|onboarding intro",,,,,no
Onboarding - Splash screen,Onboarding,ACE,"ACE|splash screen|launch screen",,,,,no
Onboarding - CC Screen,Onboarding,ACE,"ACE|credit card|CC screen|payment onboarding",,,,,no
Paring,Onboarding,ACE,"ACE|pairing|pair device|pair strap|setup device",ACE-4140,iOS,1,Low,yes
0 Day,0 Day Experience,,"0 day|zero day|first day|new user experience",,,,,no
Password Policy,Security / Account,,"password policy|password|credential",,,,,no
Password Policy - Forgot Password,Security / Account,,"forgot password|reset password|password recovery",,,,,no
Password Policy - Forced Reset,Security / Account,,"forced reset|force password|password reset",,,,,no
Password Policy - Policy Enforcement,Security / Account,,"password policy enforcement|password enforcement",,,,,no
Password Policy - Reset - Settings,Security / Account,,"password reset settings",,,,,no
Password Policy - Account Creation,Security / Account,,"password account creation",,,,,no
MFA,Security / Authentication,,"MFA|multi-factor|two-factor|2FA|authentication",,,,,no
Authentication,Security / Authentication,,"SECURITY|authentication|auth|login|session",ANDROID-2059,Android,1,Low,yes
Growth - Web,Growth - Web,GRO,"GRO|web|web app|web store",,,,,no
Growth - Web Store,Growth - Web,GRO,"GRO|web store|store|ecommerce",,,,,no
Growth - Web Membership Upgrade,Growth - Web,GRO,"GRO|web membership upgrade|membership upgrade|upgrade",,,,,no
Growth-Upgrade,Growth,GRO,"GRO|upgrade|membership upgrade|in-app upgrade",,,,,no
Growth - Upcycle,Growth,GRO,"GRO|upcycle|device upgrade|generational upgrade",,,,,no
Growth - JoinFlow,Growth,GRO,"GRO|join flow|joinflow|purchase flow|consumer join","ACE-4303;ACE-4302;GAL-3;ACE-4008",Both,4,Medium,yes
Growth - App Membership Upgrade,Growth,GRO,"GRO|in-app upgrade|app membership upgrade|membership",,,,,no
Membership Management,Membership,,"membership|subscription|manage membership",,,,,no
Limited Time Offer,Growth,GRO,"GRO|limited time offer|LTO|offer|promo|discount",,,,,no
Entitlements,Membership,,"entitlement|membership tier|access|permission|feature flag",,,,,no
Web,Web,GRO,"GRO|web app|web platform",,,,,no
Connectivity,Connectivity,CON,"CON|connectivity|BLE|strap|sync|upload|device|firmware","CON-4460;CON-4522;CON-4320;CON-4078;CON-4455;CON-4461",Both,6,Medium,yes
Connectivity - Device Setup,Connectivity,GRO,"GRO|device setup|setup|pairing|pair strap",,,,,no
Connectivity - Data catch up,Connectivity,GRO,"GRO|data catch up|catchup|data sync|backfill",,,,,no
Data Upload Streak,Connectivity,,"data upload|upload streak|sync streak|data streak",,,,,no
BLE,Connectivity,,"BLE|bluetooth|bluetooth low energy",CON-4469,iOS,1,Medium,yes
Firmware Update,Connectivity,,"firmware|firmware update|OTA|over the air",CON-4525,Android,1,Low,yes
Device_Setup,Connectivity,,"device setup|setup|pair|pairing|strap setup",,,,,no
Battery Level,Battery,,"battery level|battery|charge level|battery status","ACE-2441;ACE-4294",iOS,2,Medium,yes
Battery Pack,Battery,,"battery pack|charging pack|ProKnit battery",,,,,no
Push Notification,Push Notifications,,"push notification|notification|PN|alert|push","BOT-8556;PEOP-188;CITL-766",Both,3,Medium,yes
Off Body PN,Push Notifications,,"off body|off-body|not wearing|body detection",,,,,no
Low Battery PN,Push Notifications,,"low battery notification|battery alert|battery notification",,,,,no
Dead Battery PN,Push Notifications,,"dead battery|battery dead|battery empty|battery notification",,,,,no
Force Quit PN,Push Notifications,,"force quit|app quit|foreground kill",,,,,no
Battery Fully Charged PN,Push Notifications,,"battery charged|fully charged|charge complete",CON-4425,iOS,1,Medium,yes
Notification Center,Push Notifications,,"notification center|notifications inbox|in-app inbox",,,,,no
Profile,Profile,,"PEOP|profile|user profile",ANDROID-2056,Android,1,Low,yes
Profile - Referrals,Profile,,"referral|refer|invite friend","PEOP-467;PEOP-462;PEOP-188",iOS,3,Medium,yes
Profile - Levels,Profile,,"levels|level|WHOOP level|membership level",,,,,no
Profile - Details,Profile,,"profile details|user details|profile info",,,,,no
Profile - Details - Privacy,Profile,,"profile privacy|privacy settings|private profile","PEOP-463;PEOP-464",Both,2,High,yes
Profile - Data Streaks,Profile,,"data streak|streak|profile streak","ACE-4010;ACE-4312;ACE-4042",Android,3,Medium,yes
Profile - Data Highlights,Profile,,"data highlights|highlights|profile highlights",,,,,no
Profile - Activities Summary,Profile,,"activities summary|activity summary|profile activities",,,,,no
Personal Records,Profile,,"personal record|best effort|PR|achievement record",,,,,no
Settings,Settings,WU,"WU|settings|preferences|configuration",,,,,no
Account & Settings - Device Settings,Settings,,"device settings|account device settings",,,,,no
Account & Settings - App Settings,Settings,,"app settings|account settings",,,,,no
Account & Settings - Membership,Settings,,"membership settings|account membership",,,,,no
Account & Settings - Pregnancy,Settings,,"pregnancy settings|account pregnancy",,,,,no
Account & Settings - In App Language Picker,Settings,,"language picker|language settings|locale|i18n|l10n",,,,,no
Account & Settings - Activity Settings,Settings,,"activity settings|account activity",,,,,no
MCI (Menstrual Cycle Insights),Menstrual Cycle Insights,WH,"WH|MCI|menstrual|cycle|menstrual cycle","WH-1470;WH-1522",Both,2,Medium,yes
MCI - Symptom Insights,Menstrual Cycle Insights,WH,"WH|MCI|symptom insights|cycle symptom",,,,,no
MCI - Possible Symptoms,Menstrual Cycle Insights,WH,"WH|MCI|possible symptoms|cycle symptoms",WH-1257,Android,1,Medium,yes
MCI - Phase Coaching,Menstrual Cycle Insights,WH,"WH|MCI|phase coaching|cycle phase",,,,,no
MCI - Period Logging,Menstrual Cycle Insights,WH,"WH|MCI|period|period log|menstrual log",,,,,no
MCI - Ovulation Logging,Menstrual Cycle Insights,WH,"WH|MCI|ovulation|ovulation log",,,,,no
MCI - Log Symptoms,Menstrual Cycle Insights,WH,"WH|MCI|log symptoms|symptom log",,,,,no
MCI - Cycle Journal,Menstrual Cycle Insights,WH,"WH|MCI|cycle journal",,,,,no
MCI - Cycle Education,Menstrual Cycle Insights,WH,"WH|MCI|cycle education",,,,,no
MCI - Cycle Calendar,Menstrual Cycle Insights,WH,"WH|MCI|cycle calendar",WH-1522,iOS,1,Medium,yes
MCI - Consistency,Menstrual Cycle Insights,WH,"WH|MCI|consistency",,,,,no
MCI - Birth Control States,Menstrual Cycle Insights,WH,"WH|MCI|birth control|contraceptive",,,,,no
MCI x Alabs,Menstrual Cycle Insights,WH,"WH|MCI|advanced labs|alabs",,,,,no
Hormonal Insights,Hormonal Insights,WH,"WH|hormonal|hormone|hormonal insights",,,,,no
Pregnancy,Women's Health,WH,"WH|pregnancy|pregnant|prenatal",,,,,no
Postpartum,Women's Health,WH,"WH|postpartum|postnatal",,,,,no
Fertility,Women's Health,WH,"WH|fertility|fertile","MED-2478;MED-2417;MED-2480;MED-2834;MED-2789;MED-2839;MED-2485;MED-2467;WH-1543",Both,9,High,yes
Stress Monitor,Stress Monitor,WH,"WH|stress monitor|stress|stress score|stress detection",,,,,no
Stress Monitor Sessions,Stress Monitor,WH,"WH|stress session|stress monitor session",,,,,no
Stress,Stress Monitor,WH,"WH|stress",,,,,no
Blood Work,Blood Work,,"blood work|lab|biomarker|advanced labs|blood test",ALABS-2931,iOS,1,Medium,yes
Blood Work - Test Import,Blood Work,,"blood work import|lab import|test import",,,,,no
Blood Work - Test History,Blood Work,,"blood work history|lab history|test history",,,,,no
Blood Work - Scheduling,Blood Work,,"blood work scheduling|lab scheduling|schedule blood work",,,,,no
Blood Work - Onboarding,Blood Work,,"blood work onboarding|lab onboarding",,,,,no
Blood Work - Insights,Blood Work,,"blood work insights|biomarker insights|lab insights","CITL-798;CITL-753",Both,2,High,yes
Blood Work - Category Details,Blood Work,,"blood work category|lab category|biomarker category",,,,,no
Blood Work - Biomarkers Summary,Blood Work,,"biomarker summary|blood work summary|lab summary","CITL-802;CITL-755",Both,2,High,yes
Blood Work - Biomarkers Detail,Blood Work,,"biomarker detail|blood work detail|lab detail","CITL-801;CITL-755",Both,2,High,yes
Blood Work - Actions,Blood Work,,"blood work action|lab action",,,,,no
Blood Pressure Insights,Blood Pressure,,"blood pressure|BP|systolic|diastolic|blood pressure insights",,,,,no
Coach - Everywhere,Coach Everywhere,FROGE,"FROGE|coach|AI coach|coach everywhere|generative AI|CE","CE-1001;CE-998",Android,2,Medium,yes
Coach - UI,Coach,FROGE,"FROGE|coach UI|coach interface|coach design","FROGE-492;BOT-8536;AIX-997;FROGE-487",Both,4,Medium,yes
Coach - Daily Outlook,Coach,FROGE,"FROGE|daily outlook|coach daily outlook",,,,,no
Coach - Day In Review,Coach,FROGE,"FROGE|day in review|coach review|DIR",,,,,no
Coach - EAR,Coach,FROGE,"FROGE|EAR|coach EAR|early access",,,,,no
Coach - Settings,Coach,FROGE,"FROGE|coach settings|coach preference",,,,,no
Coach - Onboarding,Coach,FROGE,"FROGE|coach onboarding|coach setup",BOT-8519,iOS,1,Medium,yes
Coach - Voice,Coach,FROGE,"FROGE|coach voice|voice coach|voice input",BOT-8480,iOS,1,Medium,yes
Coach - Weekly Plan,Coach,FROGE,"FROGE|coach weekly plan|weekly plan coach",,,,,no
Coach - Weather,Coach,FROGE,"FROGE|coach weather|weather",,,,,no
Coach - Sleep,Coach,FROGE,"FROGE|coach sleep|sleep coach",FIT-1136,Android,1,Low,yes
Coach - Strength Trainer,Coach,FROGE,"FROGE|coach strength|strength coach|AI strength",,,,,no
Coach - Metrics,Coach,FROGE,"FROGE|coach metrics|coach data",,,,,no
Coach - Menstrual Cycle,Coach,FROGE,"FROGE|coach menstrual|menstrual coach|cycle coach",,,,,no
Coach - Image Upload,Coach,FROGE,"FROGE|coach image|image upload|photo upload",,,,,no
Coach - File upload,Coach,FROGE,"FROGE|coach file|file upload|document upload",,,,,no
Coach - Context Hub,Coach,FROGE,"FROGE|context hub|coach context","BOT-8519;BOT-8535;AIX-1006",Both,3,Medium,yes
Coach - Behaviors,Coach,FROGE,"FROGE|coach behavior|behavior coach",,,,,no
Coach - Activities,Coach,FROGE,"FROGE|coach activities|activity coach",,,,,no
Coach - Conversational Context,Coach,FROGE,"FROGE|conversational context|coach conversation|chat context","FROGE-464;BOT-8498;BOT-8546;BOT-8545",iOS,4,High,yes
Home,Home,HDD,"HDD|home|home screen|dashboard|home tile","DWL-1533;DWL-2086;DWL-2118;DWL-2087;DWL-2085;CON-4090;GAL-2",Both,7,High,yes
Home - Header,Home,HDD,"HDD|home header|header",,,,,no
Home - In App Notification,Home,HDD,"HDD|in-app notification|home notification",,,,,no
My_Dashboard,Home,HDD,"HDD|dashboard|my dashboard",,,,,no
Progress Tab,Home,,"progress tab|progress",,,,,no
Progress & Insights - Plan Bottom Tab,Home,,"plan bottom tab|progress insights|bottom tab|plan tab",,,,,no
Navigation,Navigation,HDD,"HDD|navigation|nav|routing|deeplink|deep link|tab|bottom nav|CTA|destination","ANDROID-1980;ANDROID-1985;CE-998;PEOP-455;FIT-950",Both,5,Medium,yes
Deeplink,Navigation,,"deeplink|deep link|universal link|URL scheme","MP-646;PEOP-477",iOS,2,Medium,yes
Action Button,Action Button,,"action button|iOS action button|hardware button",,,,,no
Dynamic Island iOS,iOS Dynamic Island,,"dynamic island|live activity|iOS dynamic island",,,,,no
Widgets,Widgets,BOT,"BOT|widget|home widget|iOS widget|Android widget|fetch widget|widget loading","FIT-1131;FROGE-481;FROGE-485",Both,3,Medium,yes
Whoop_Live,Whoop Live,HDD,"HDD|whoop live|live mode|live session",,,,,no
Stealth_Mode,Stealth Mode,HDD,"HDD|stealth mode|stealth",,,,,no
Tilt Mode,Tilt Mode,HDD,"HDD|tilt mode|tilt|tilt graph",,,,,no
Health Monitor,Health Monitor,,"health monitor|health alert|health check|health overview",,,,,no
Healthspan,Healthspan,,"healthspan|health span|longevity|health score",,,,,no
Steps,Steps,MOVE,"MOVE|steps|step count|pedometer|step goal",,,,,no
HR Zones,Heart Rate Zones,MOVE,"MOVE|HR zones|heart rate zones|zone training|zone 2",FIT-1130,Android,1,Low,yes
HR,Heart Rate,,"heart rate|HR|bpm",,,,,no
Live HR,Heart Rate,,"live HR|live heart rate|real-time HR|heart rate broadcast",,,,,no
YIR,Year in Review,AR,"AR|year in review|YIR|annual review|annual",,,,,no
WIR,Week in Review,ACE,"ACE|week in review|WIR|weekly review",,,,,no
Integrations - Strava,Integrations,,"Strava|strava integration",,,,,no
Integrations - Training Peaks,Integrations,,"Training Peaks|trainingpeaks",,,,,no
Integrations - Pliability,Integrations,,"Pliability|pliability integration",,,,,no
Integrations - Withings,Integrations,,"Withings|withings integration|scale integration",,,,,no
Integrations - GHC,Integrations,,"GHC|google health connect|google health|health connect",,,,,no
Integrations - Chronometer,Integrations,,"Chronometer|chronometer integration|nutrition|food tracking",,,,,no
Integrations - AHK,Integrations,,"AHK|apple health|apple health kit|health kit",,,,,no
Privacy Center,Privacy,,"privacy center|privacy|GDPR|data privacy|data rights",,,,,no
Privacy adapter,Privacy,,"privacy adapter|privacy",,,,,no
GDPR,Privacy,,"GDPR|privacy|data deletion|SECURITY|compliance",,,,,no
Achievements,Achievements,,"achievement|badge|milestone|award",,,,,no
Achievements - Whoop Age,Achievements,,"whoop age|WHOOP age|biological age",,,,,no
Achievements - Strain,Achievements,,"strain achievement|workout achievement",,,,,no
Achievements - Sleep,Achievements,,"sleep achievement|sleep badge",,,,,no
Achievements - Sharing,Achievements,,"share achievement|achievement sharing",,,,,no
Achievements - Recovery,Achievements,,"recovery achievement|recovery badge",,,,,no
Achievements - Overlay,Achievements,,"achievement overlay|badge overlay",,,,,no
Achievements - Multiples,Achievements,,"multiple achievements|achievements multiples",,,,,no
Achievements - Detail Page,Achievements,,"achievement detail|badge detail|achievement page",,,,,no
Achievements - Activity,Achievements,,"activity achievement|workout badge",,,,,no
Achievement - Entry Points,Achievements,,"achievement entry point|badge entry|achievement access",,,,,no
Recommendations,Recommendations,,"recommendation|suggest|personalized suggestion",,,,,no
Whoop Labs,Whoop Labs,IRT,"whoop labs|labs|experiment|feature test|IRT",,,,,no
ANF,ANF,,"ANF",,,,,no
ECG,ECG,,"ECG|electrocardiogram|heart rhythm|cardiac",,,,,no
GPS,GPS,,"GPS|location|geolocation|route|mapping",,,,,no
Calories,Calories,,"calorie|calories|energy expenditure|burn",,,,,no
Translations,Localization,,"translation|localization|i18n|l10n|locale|string|language","FROGE-378;FROGE-328;BOT-7913;CE-975;ECOMM-3398;GRO-1702;BOT-8411;STREN-540",Both,8,Low,yes
Koala Update,App Updates,,"koala|app update|force update|update prompt",,,,,no
CPT,CPT,,"CPT",,,,,no
SAT,SAT,,"SAT",,,,,no
BLOOM,BLOOM,,"BLOOM",,,,,no
Puffin,Puffin,,"Puffin",,,,,no
Segment,Analytics,,"segment|analytics|tracking|event tracking",,,,,no
MobileAutomation,Test Automation,,"automation|automated test|E2E|robot|CITL",AUTO-500,Android,1,Low,yes
Test Outlines,QA,,"test outline|test plan|test structure",,,,,no
Education Pillar,Education,,"education|learn|tutorial|guide",,,,,no
Performance Assessments,Performance Assessments,,"performance assessment|assessment|fitness test",,,,,no
